Workbook

Sheet Task Master
A1: Task ID | B1: Task Title | C1: Task Type | D1: Status | E1: Priority | F1: Start Date | G1: End Date | H1: Estimated Hours | I1: Actual Hours | J1: Dependencies | K1: Remarks
A2: T001 | B2: Fix login API issue | C2: Bug | D2: Completed | E2: High | F2: =IFERROR(__xludf.DUMMYFUNCTION("ARRAYFORMULA(IF(A2:A805="""", """", BYROW(A2:A805, LAMBDA(task, IFERROR(MIN(FILTER('Daily Log'!A:A, 'Daily Log'!B:B=task)), """")))))"),46112.0) -> 46112 | G2: 46118 | H2: 5 | I2: {=IF(A2:A805="", "", IFERROR(VLOOKUP(A2:A805, { 'Daily Log'!B:B, SUMIF('Daily Log'!B:B, 'Daily Log'!B:B, 'Daily Log'!E:E) }, 2, FALSE), 0))} -> 8 | J2: No Dependencies | K2: Stage Released
A3: T002 | B3: New Features- boiii | C3: Feature222 | D3: Testing | E3: High | F3: =IFERROR(__xludf.DUMMYFUNCTION("""COMPUTED_VALUE"""),46003.0) -> 46003 | G3: 46119 | H3: 20 | I3: 31 | J3: Moved to Staging env | K3: Needs clarification of testing
A4: T007 | B4: Email Notification System | C4: Feature | D4: Testing | E4: Medium | F4: =IFERROR(__xludf.DUMMYFUNCTION("""COMPUTED_VALUE"""),46119.0) -> 46119 | G4: 46120 | H4: 30 | I4: 12 | J4: Database schema finalized | K4: Backend API developed, now under testing
A5: T008 | B5: Mobile App Push Notifications | C5: Feature | D5: In Progress | E5: High | F5: =IFERROR(__xludf.DUMMYFUNCTION("""COMPUTED_VALUE"""),46119.0) -> 46119 | H5: 40 | I5: 4 | J5: Firebase setup pending | K5: Push notification module under development
F6: =IFERROR(__xludf.DUMMYFUNCTION("""COMPUTED_VALUE"""),"")
F7: =IFERROR(__xludf.DUMMYFUNCTION("""COMPUTED_VALUE"""),"")
F8: =IFERROR(__xludf.DUMMYFUNCTION("""COMPUTED_VALUE"""),"")
F9: =IFERROR(__xludf.DUMMYFUNCTION("""COMPUTED_VALUE"""),"")
F10: =IFERROR(__xludf.DUMMYFUNCTION("""COMPUTED_VALUE"""),"")
F11: =IFERROR(__xludf.DUMMYFUNCTION("""COMPUTED_VALUE"""),"")
F12: =IFERROR(__xludf.DUMMYFUNCTION("""COMPUTED_VALUE"""),"")
F13: =IFERROR(__xludf.DUMMYFUNCTION("""COMPUTED_VALUE"""),"")
F14: =IFERROR(__xludf.DUMMYFUNCTION("""COMPUTED_VALUE"""),"")
F15: =IFERROR(__xludf.DUMMYFUNCTION("""COMPUTED_VALUE"""),"")
F16: =IFERROR(__xludf.DUMMYFUNCTION("""COMPUTED_VALUE"""),"")
F17: =IFERROR(__xludf.DUMMYFUNCTION("""COMPUTED_VALUE"""),"")
... F805: =IFERROR(__xludf.DUMMYFUNCTION("""COMPUTED_VALUE"""),"")

Sheet Daily Log
A1: Date | B1: Task ID | C1: Task Type | D1: Work Description | E1: Hours Spent | F1: Status Update | G1: Remarks | H1: Week | I1: Month | J1: Year
A2: 46112 | B2: T001 | C2: Bug | D2: Fixed timeout issue and tested | E2: 3 | F2: In Progress | H2: {=IF(A2:A814="", "", WEEKNUM(A2:A814, 2))} -> 14 | I2: {=IF(A2:A814="", "", MONTH(A2:A814))} -> 3 | J2: {=IF(A2:A814="", "", YEAR(A2:A814))} -> 2026
A3: 46117 | B3: T001 | C3: Bug | D3: Fixed timeout issue and tested | E3: 3 | F3: Dev Completed | H3: 14 | I3: 4 | J3: 2026
A4: 46118 | B4: T001 | C4: Bug | D4: Fixed timeout issue and tested | E4: 1 | F4: Completed | G4: Stage Released | H4: 15 | I4: 4 | J4: 2026
A5: 46118 | B5: T001 | C5: Bug | D5: Fixed timeout issue and tested | E5: 1 | F5: Completed | G5: Stage Released | H5: 15 | I5: 4 | J5: 2026
A6: 46003 | B6: T002 | C6: Feature | D6: Started the work | E6: 3 | F6: In Progress | G6: Pending with Data | H6: 50 | I6: 12 | J6: 2025
A7: 46118 | B7: T002 | C7: Feature | D7: Completed the work | E7: 7 | F7: Completed | G7: Needs clarification | H7: 15 | I7: 4 | J7: 2026
A8: 46118 | B8: T002 | C8: Feature | D8: Completed the work | E8: 7 | F8: Completed | G8: Needs clarification | H8: 15 | I8: 4 | J8: 2026
A9: 46118 | B9: T002 | C9: Feature | D9: Completed the work | E9: 7 | F9: Completed | G9: Needs clarification | H9: 15 | I9: 4 | J9: 2026
A10: 46118 | B10: T002 | C10: Feature222 | D10: Completed the work | E10: 7 | F10: Completed | G10: Needs clarification of testing | H10: 15 | I10: 4 | J10: 2026
A11: 46119 | B11: T007 | C11: Feature | D11: Set up email templates and SMTP configuration | E11: 5 | F11: In Progress | G11: Backend API being developed | H11: 15 | I11: 4 | J11: 2026
A12: 46119 | B12: T008 | C12: Feature | D12: Configured Firebase project and initial push API | E12: 4 | F12: In Progress | G12: Push notification module under development | H12: 15 | I12: 4 | J12: 2026
A13: 46119 | B13: T007 | C13: Feature | D13: Completed backend API and email template integration | E13: 7 | F13: Testing | G13: Backend API developed, now under testing | H13: 15 | I13: 4 | J13: 2026

Sheet Dashboard
A1: Total Tasks | B1: =COUNTA('Task Master'!A2) -> 1
A2: Completed Tasks | B2: =COUNTIF('Task Master'!D2,"Done") -> 0
A3: In Progress Tasks | B3: =COUNTIF('Task Master'!D2,"In Progress") -> 0
A4: Blocked Tasks | B4: =COUNTIF('Task Master'!D2,"Blocked") -> 0
A5: Total Hours | B5: =SUM('Daily Log'!E2) -> 3
A6: Total Bugs Worked | B6: =COUNTIF('Task Master'!C2, "Bug") -> 1
A7: Total Features Worked | B7: =COUNTIF('Task Master'!C2, "Feature") -> 0
A8: Total Engineered | B8: =COUNTIF('Task Master'!C2, "Engineering") -> 0
A9: Total Devops Task | B9: =COUNTIF('Task Master'!C2, "DevOps") -> 0
A10: Total Bugs Completed | B10: =COUNTIFS('Task Master'!C2,"Bug",'Task Master'!D2,"Done") -> 0
A11: Total Features Completed | B11: =COUNTIFS('Task Master'!C2,"Feature",'Task Master'!D2,"Done") -> 0
A12: Total Engineered Completed | B12: =COUNTIFS('Task Master'!C2,"Engineering",'Task Master'!D2,"Done") -> 0
A13: Total Hours worked on Bug | B13: =SUMIF('Task Master'!C2,"Bug",'Task Master'!I2) -> 8
A14: Total Hours worked on Features | B14: =SUMIF('Task Master'!C2,"Feature",'Task Master'!I2) -> 0
A15: Productivity Score | B15: =B2/B1 -> 0
